{"cameraMode":{"drawMode":0,"name":"Shaded","section":"Shading Mode"},"sceneLighting":true,"audioPlay":false,"sceneViewState":{"m_AlwaysRefresh":false,"showFog":true,"showSkybox":true,"showFlares":true,"showImageEffects":true,"showParticleSystems":true,"showVisualEffectGraphs":true,"m_FxEnabled":true},"in2DMode":false,"pivot":{"x":0.6565269827842712,"y":3.0999374389648439,"z":1.710749626159668},"rotation":{"x":0.24886773526668549,"y":0.018884992226958276,"z":-0.004837219137698412,"w":0.9683994650840759},"size":6.613152027130127,"orthographic":true}